,Action,Product_ID,Order_Type,Order_volume,Price_Pur_Sal_1,Price_Pur_Sal_2,Sal_or_Pur,Timestampx,Order_meta,Basket_ID,Basket_Type,Basket_meta
1,Place,1H-20200526-1900,Basket,100,100,0,Purchase,2020-05-26T14:10:00.000+03:00,,1,EXCLUSIVE,{"maxMatchedOrders":"2"}
1,Place,1H-20200526-2000,Basket,101,101,0,Purchase,2020-05-26T14:10:00.000+03:00,,1,EXCLUSIVE,{"maxMatchedOrders":"2"}
1,Place,1H-20200526-2100,Basket,102,102,0,Purchase,2020-05-26T14:10:00.000+03:00,,1,EXCLUSIVE,{"maxMatchedOrders":"2"}
2,Modify,1H-20200526-1900,Basket,103,103,0,Purchase,2020-05-26T14:12:00.000+03:00,,1,EXCLUSIVE,{"maxMatchedOrders":"2"}
2,Modify,1H-20200526-2000,Basket,104,104,0,Purchase,2020-05-26T14:12:00.000+03:00,,1,EXCLUSIVE,{"maxMatchedOrders":"2"}
2,Modify,1H-20200526-2100,Basket,105,105,0,Purchase,2020-05-26T14:12:00.000+03:00,,1,EXCLUSIVE,{"maxMatchedOrders":"2"}
3,Modify,1H-20200526-1900,Basket,106,106,0,Purchase,2020-05-26T14:14:00.000+03:00,,1,EXCLUSIVE,{"maxMatchedOrders":"2"}
3,Modify,1H-20200526-2000,Basket,107,107,0,Purchase,2020-05-26T14:14:00.000+03:00,,1,EXCLUSIVE,{"maxMatchedOrders":"2"}
3,Modify,1H-20200526-2100,Basket,108,108,0,Purchase,2020-05-26T14:14:00.000+03:00,,1,EXCLUSIVE,{"maxMatchedOrders":"2"}
4,Place,1H-20200526-1900,Basket,109,109,0,Purchase,2020-05-26T14:16:00.000+03:00,,2,EXCLUSIVE,{"maxMatchedOrders":"2"}
4,Place,1H-20200526-2000,Basket,110,110,0,Purchase,2020-05-26T14:16:00.000+03:00,,2,EXCLUSIVE,{"maxMatchedOrders":"2"}
4,Place,1H-20200526-2100,Basket,111,111,0,Purchase,2020-05-26T14:16:00.000+03:00,,2,EXCLUSIVE,{"maxMatchedOrders":"2"}
5,Modify,1H-20200526-1900,Basket,112,112,0,Purchase,2020-05-26T14:18:00.000+03:00,,2,EXCLUSIVE,{"maxMatchedOrders":"2"}
5,Modify,1H-20200526-2000,Basket,113,113,0,Purchase,2020-05-26T14:18:00.000+03:00,,2,EXCLUSIVE,{"maxMatchedOrders":"2"}
5,Modify,1H-20200526-2100,Basket,114,114,0,Purchase,2020-05-26T14:18:00.000+03:00,,2,EXCLUSIVE,{"maxMatchedOrders":"2"}
6,Place,1H-20200526-1900,Basket,115,115,0,Purchase,2020-05-26T14:20:00.000+03:00,,3,EXCLUSIVE,{"maxMatchedOrders":"2"}
6,Place,1H-20200526-2000,Basket,116,116,0,Purchase,2020-05-26T14:20:00.000+03:00,,3,EXCLUSIVE,{"maxMatchedOrders":"2"}
6,Place,1H-20200526-2100,Basket,117,117,0,Purchase,2020-05-26T14:20:00.000+03:00,,3,EXCLUSIVE,{"maxMatchedOrders":"2"}
7,Modify,1H-20200526-1900,Basket,118,118,0,Purchase,2020-05-26T14:22:00.000+03:00,,3,EXCLUSIVE,{"maxMatchedOrders":"2"}
7,Modify,1H-20200526-2000,Basket,119,119,0,Purchase,2020-05-26T14:22:00.000+03:00,,3,EXCLUSIVE,{"maxMatchedOrders":"2"}
7,Modify,1H-20200526-2100,Basket,120,120,0,Purchase,2020-05-26T14:22:00.000+03:00,,3,EXCLUSIVE,{"maxMatchedOrders":"2"}
8,Modify,1H-20200526-1900,Basket,121,121,0,Purchase,2020-05-26T14:24:00.000+03:00,,3,EXCLUSIVE,{"maxMatchedOrders":"2"}
8,Modify,1H-20200526-2000,Basket,122,122,0,Purchase,2020-05-26T14:24:00.000+03:00,,3,EXCLUSIVE,{"maxMatchedOrders":"2"}
8,Modify,1H-20200526-2100,Basket,123,123,0,Purchase,2020-05-26T14:24:00.000+03:00,,3,EXCLUSIVE,{"maxMatchedOrders":"2"}
10,Place,1H-20200526-1900,Basket,124,124,0,Purchase,2020-05-26T14:26:00.000+03:00,,4,EXCLUSIVE,{"maxMatchedOrders":"2"}
10,Place,1H-20200526-2000,Basket,125,125,0,Purchase,2020-05-26T14:26:00.000+03:00,,4,EXCLUSIVE,{"maxMatchedOrders":"2"}
10,Place,1H-20200526-2100,Basket,126,126,0,Purchase,2020-05-26T14:26:00.000+03:00,,4,EXCLUSIVE,{"maxMatchedOrders":"2"}
11,Modify,1H-20200526-1900,Basket,127,127,0,Purchase,2020-05-26T14:28:00.000+03:00,,4,EXCLUSIVE,{"maxMatchedOrders":"2"}
11,Modify,1H-20200526-2000,Basket,128,128,0,Purchase,2020-05-26T14:28:00.000+03:00,,4,EXCLUSIVE,{"maxMatchedOrders":"2"}
11,Modify,1H-20200526-2100,Basket,129,129,0,Purchase,2020-05-26T14:28:00.000+03:00,,4,EXCLUSIVE,{"maxMatchedOrders":"2"}
12,Place,1H-20200526-1900,Basket,130,130,0,Purchase,2020-05-26T14:30:00.000+03:00,,5,EXCLUSIVE,{"maxMatchedOrders":"2"}
12,Place,1H-20200526-2000,Basket,131,131,0,Purchase,2020-05-26T14:30:00.000+03:00,,5,EXCLUSIVE,{"maxMatchedOrders":"2"}
12,Place,1H-20200526-2100,Basket,132,132,0,Purchase,2020-05-26T14:30:00.000+03:00,,5,EXCLUSIVE,{"maxMatchedOrders":"2"}
13,Modify,1H-20200526-1900,Basket,133,133,0,Purchase,2020-05-26T14:32:00.000+03:00,,5,EXCLUSIVE,{"maxMatchedOrders":"2"}
13,Modify,1H-20200526-2000,Basket,134,134,0,Purchase,2020-05-26T14:32:00.000+03:00,,5,EXCLUSIVE,{"maxMatchedOrders":"2"}
13,Modify,1H-20200526-2100,Basket,135,135,0,Purchase,2020-05-26T14:32:00.000+03:00,,5,EXCLUSIVE,{"maxMatchedOrders":"2"}
14,Modify,1H-20200526-1900,Basket,136,136,0,Purchase,2020-05-26T14:34:00.000+03:00,,5,EXCLUSIVE,{"maxMatchedOrders":"2"}
14,Modify,1H-20200526-2000,Basket,137,137,0,Purchase,2020-05-26T14:34:00.000+03:00,,5,EXCLUSIVE,{"maxMatchedOrders":"2"}
14,Modify,1H-20200526-2100,Basket,138,138,0,Purchase,2020-05-26T14:34:00.000+03:00,,5,EXCLUSIVE,{"maxMatchedOrders":"2"}
15,Place,1H-20200526-1900,Basket,139,139,0,Purchase,2020-05-26T14:36:00.000+03:00,,6,EXCLUSIVE,{"maxMatchedOrders":"2"}
15,Place,1H-20200526-2000,Basket,140,140,0,Purchase,2020-05-26T14:36:00.000+03:00,,6,EXCLUSIVE,{"maxMatchedOrders":"2"}
15,Place,1H-20200526-2100,Basket,141,141,0,Purchase,2020-05-26T14:36:00.000+03:00,,6,EXCLUSIVE,{"maxMatchedOrders":"2"}
16,Modify,1H-20200526-1900,Basket,142,142,0,Purchase,2020-05-26T14:38:00.000+03:00,,6,EXCLUSIVE,{"maxMatchedOrders":"2"}
16,Modify,1H-20200526-2000,Basket,143,143,0,Purchase,2020-05-26T14:38:00.000+03:00,,6,EXCLUSIVE,{"maxMatchedOrders":"2"}
16,Modify,1H-20200526-2100,Basket,144,144,0,Purchase,2020-05-26T14:38:00.000+03:00,,6,EXCLUSIVE,{"maxMatchedOrders":"2"}
17,Place,1H-20200526-1900,Basket,145,145,0,Purchase,2020-05-26T14:40:00.000+03:00,,7,EXCLUSIVE,{"maxMatchedOrders":"2"}
17,Place,1H-20200526-2000,Basket,146,146,0,Purchase,2020-05-26T14:40:00.000+03:00,,7,EXCLUSIVE,{"maxMatchedOrders":"2"}
17,Place,1H-20200526-2100,Basket,147,147,0,Purchase,2020-05-26T14:40:00.000+03:00,,7,EXCLUSIVE,{"maxMatchedOrders":"2"}
18,Modify,1H-20200526-1900,Basket,148,148,0,Purchase,2020-05-26T14:42:00.000+03:00,,7,EXCLUSIVE,{"maxMatchedOrders":"2"}
18,Modify,1H-20200526-2000,Basket,149,149,0,Purchase,2020-05-26T14:42:00.000+03:00,,7,EXCLUSIVE,{"maxMatchedOrders":"2"}
18,Modify,1H-20200526-2100,Basket,150,150,0,Purchase,2020-05-26T14:42:00.000+03:00,,7,EXCLUSIVE,{"maxMatchedOrders":"2"}
19,Modify,1H-20200526-1900,Basket,151,151,0,Purchase,2020-05-26T14:44:00.000+03:00,,7,EXCLUSIVE,{"maxMatchedOrders":"2"}
19,Modify,1H-20200526-2000,Basket,152,152,0,Purchase,2020-05-26T14:44:00.000+03:00,,7,EXCLUSIVE,{"maxMatchedOrders":"2"}
19,Modify,1H-20200526-2100,Basket,153,153,0,Purchase,2020-05-26T14:44:00.000+03:00,,7,EXCLUSIVE,{"maxMatchedOrders":"2"}
20,Place,1H-20200526-1900,Basket,154,154,0,Purchase,2020-05-26T14:46:00.000+03:00,,8,EXCLUSIVE,{"maxMatchedOrders":"2"}
20,Place,1H-20200526-2000,Basket,155,155,0,Purchase,2020-05-26T14:46:00.000+03:00,,8,EXCLUSIVE,{"maxMatchedOrders":"2"}
20,Place,1H-20200526-2100,Basket,156,156,0,Purchase,2020-05-26T14:46:00.000+03:00,,8,EXCLUSIVE,{"maxMatchedOrders":"2"}
21,Modify,1H-20200526-1900,Basket,157,157,0,Purchase,2020-05-26T14:48:00.000+03:00,,8,EXCLUSIVE,{"maxMatchedOrders":"2"}
21,Modify,1H-20200526-2000,Basket,158,158,0,Purchase,2020-05-26T14:48:00.000+03:00,,8,EXCLUSIVE,{"maxMatchedOrders":"2"}
21,Modify,1H-20200526-2100,Basket,159,159,0,Purchase,2020-05-26T14:48:00.000+03:00,,8,EXCLUSIVE,{"maxMatchedOrders":"2"}
22,Place,1H-20200526-1900,Basket,160,160,0,Purchase,2020-05-26T14:50:00.000+03:00,,9,EXCLUSIVE,{"maxMatchedOrders":"2"}
22,Place,1H-20200526-2000,Basket,161,161,0,Purchase,2020-05-26T14:50:00.000+03:00,,9,EXCLUSIVE,{"maxMatchedOrders":"2"}
22,Place,1H-20200526-2100,Basket,162,162,0,Purchase,2020-05-26T14:50:00.000+03:00,,9,EXCLUSIVE,{"maxMatchedOrders":"2"}
23,Modify,1H-20200526-1900,Basket,163,163,0,Purchase,2020-05-26T14:52:00.000+03:00,,9,EXCLUSIVE,{"maxMatchedOrders":"2"}
23,Modify,1H-20200526-2000,Basket,164,164,0,Purchase,2020-05-26T14:52:00.000+03:00,,9,EXCLUSIVE,{"maxMatchedOrders":"2"}
23,Modify,1H-20200526-2100,Basket,165,165,0,Purchase,2020-05-26T14:52:00.000+03:00,,9,EXCLUSIVE,{"maxMatchedOrders":"2"}
24,Modify,1H-20200526-1900,Basket,166,166,0,Purchase,2020-05-26T14:54:00.000+03:00,,9,EXCLUSIVE,{"maxMatchedOrders":"2"}
24,Modify,1H-20200526-2000,Basket,167,167,0,Purchase,2020-05-26T14:54:00.000+03:00,,9,EXCLUSIVE,{"maxMatchedOrders":"2"}
24,Modify,1H-20200526-2100,Basket,168,168,0,Purchase,2020-05-26T14:54:00.000+03:00,,9,EXCLUSIVE,{"maxMatchedOrders":"2"}
25,Place,1H-20200526-1900,Basket,169,169,0,Purchase,2020-05-26T14:56:00.000+03:00,,10,EXCLUSIVE,{"maxMatchedOrders":"2"}
25,Place,1H-20200526-2000,Basket,170,170,0,Purchase,2020-05-26T14:56:00.000+03:00,,10,EXCLUSIVE,{"maxMatchedOrders":"2"}
25,Place,1H-20200526-2100,Basket,171,171,0,Purchase,2020-05-26T14:56:00.000+03:00,,10,EXCLUSIVE,{"maxMatchedOrders":"2"}
26,Modify,1H-20200526-1900,Basket,172,172,0,Purchase,2020-05-26T14:58:00.000+03:00,,10,EXCLUSIVE,{"maxMatchedOrders":"2"}
26,Modify,1H-20200526-2000,Basket,173,173,0,Purchase,2020-05-26T14:58:00.000+03:00,,10,EXCLUSIVE,{"maxMatchedOrders":"2"}
26,Modify,1H-20200526-2100,Basket,174,174,0,Purchase,2020-05-26T14:58:00.000+03:00,,10,EXCLUSIVE,{"maxMatchedOrders":"2"}
27,Place,1H-20200526-1900,Limit,112,112,0,Purchase,2020-05-26T09:56:00.000+03:00,,,,
27,Modify,1H-20200526-1900,Limit,113,113,0,Purchase,2020-05-26T09:58:00.000+03:00,,,,
28,Place,1H-20200526-1900,Iceberg,112,112,0,Sell,2020-05-26T09:56:00.000+03:00,"{""icebergQuantity"":""150"",""icebergPriceDelta"":""1""}",,,
28,Modify,1H-20200526-1900,Limit,113,113,0,Sell,2020-05-26T09:58:00.000+03:00,,,,
28,Modify,1H-20200526-1900,Iceberg,113,113,0,Purchase,2020-05-26T09:58:00.000+03:00,"{""icebergQuantity"":""250"",""icebergPriceDelta"":""2""}",,,
29,Place,1H-20200526-1900,immediate_or_cancel,112,112,0,Purchase,2020-05-26T09:56:00.000+03:00,,,,
29,Modify,1H-20200526-1900,immediate_or_cancel,113,113,0,Purchase,2020-05-26T09:58:00.000+03:00,,,,
30,Place,1H-20200526-1900,fill_or_kill,112,112,0,Purchase,2020-05-26T09:56:00.000+03:00,,,,
30,Modify,1H-20200526-1900,fill_or_kill,113,113,0,Purchase,2020-05-26T09:58:00.000+03:00,,,,
31,Place,1H-20200526-1900,all_or_none,112,112,0,Purchase,2020-05-26T09:56:00.000+03:00,,,,
31,Modify,1H-20200526-1900,all_or_none,113,113,0,Purchase,2020-05-26T09:58:00.000+03:00,,,,
31,Modify,1H-20200526-1900,Limit,113,113,0,Purchase,2020-05-26T09:58:00.000+03:00,,,,
